Repositório,Data de Criação,Idade em Meses
hyperledger-labs/fablo,2019-11-29T11:01:59Z,59
hyperledger-labs/fabric-operator,2022-06-07T18:16:42Z,28
hyperledger-labs/ansible-collection,2023-02-21T16:43:19Z,20
hyperledger/fabric-samples,2017-06-20T00:15:53Z,88
hyperledger/fabric-test,2017-07-26T17:29:44Z,87
hyperledger/bevel,2019-10-16T19:09:26Z,60
hyperledger/indy-node-container,2021-03-16T09:23:05Z,43
bcgov/von-network,2017-11-07T19:00:37Z,83
hyperledger-labs/minifabric,2020-01-03T02:11:17Z,57
hyperledger-labs/besu-operator,2020-08-06T19:56:44Z,50
hyperledger-labs/nephos,2019-03-14T15:49:18Z,67
hyperledger-labs/microfab,2020-05-04T09:36:05Z,53
Consensys/quorum,2016-11-14T05:42:57Z,95
